sampler_label,aggregate_report_count,average,aggregate_report_median,aggregate_report_90%_line,aggregate_report_min,aggregate_report_max,aggregate_report_error%,aggregate_report_rate,aggregate_report_bandwidth,aggregate_report_stddev
Dummy Sampler - 1,5,482,470,489,274,814,0.0,0.5056122964910507,0.05628886894529275,182.9585745462617
Dummy Sampler - 2,5,526,381,721,163,1001,0.0,0.49343728412118815,0.05493344764630416,297.22826245160473
Dummy Sampler - 3,5,687,569,783,117,1742,0.0,0.46494327692021575,0.05176126325088339,578.70697248262
Dummy Sampler - 4,5,762,657,916,119,1945,0.0,0.43694835270471033,0.04864464082845408,662.5103772772167
TOTAL,20,614,470,1001,117,1945,0.0,1.62456339858663,0.18085959710827715,486.79014729141755
