sampler_label,aggregate_report_count,average,aggregate_report_min,aggregate_report_max,aggregate_report_90%_line,aggregate_report_stddev,aggregate_report_error%,aggregate_report_rate,aggregate_report_bandwidth,average_bytes
Dummy Sampler - 1,5,482,274,814,489,182.9585745462617,0.0,0.5056122964910507,0.05628886894529275,114.0
Dummy Sampler - 2,5,526,163,1001,721,297.22826245160473,0.0,0.49343728412118815,0.05493344764630416,114.0
Dummy Sampler - 3,5,687,117,1742,783,578.70697248262,0.0,0.46494327692021575,0.05176126325088339,114.0
Dummy Sampler - 4,5,762,119,1945,916,662.5103772772167,0.0,0.43694835270471033,0.04864464082845408,114.0
TOTAL,20,614,117,1945,1001,486.79014729141755,0.0,1.62456339858663,0.18085959710827715,114.0
