sampler_label,aggregate_report_count,average,aggregate_report_median,aggregate_report_90%_line,aggregate_report_min,aggregate_report_max,aggregate_report_error%,aggregate_report_rate,aggregate_report_bandwidth,aggregate_report_stddev
Dummy Sampler - 1,5,634,535,796,417,966,0.0,0.6329113924050633,0.07046083860759493,211.48560234682665
Dummy Sampler - 2,5,557,587,701,167,816,0.0,0.7049203440011279,0.07847746017200057,220.2638417897953
Dummy Sampler - 3,5,580,695,740,278,810,0.0,0.7054176072234764,0.07853281955417607,211.72529371806283
TOTAL,15,590,587,810,167,966,0.0,1.6893794346210158,0.18807544486991778,216.9880693084813
